"saleid","productid","saledate","saleamount","rownum"
1,101,"2023-01-01","200.00","1"
2,102,"2023-01-02","150.00","2"
3,101,"2023-01-03","300.00","3"
4,103,"2023-01-04","500.00","4"
5,102,"2023-01-05","300.00","5"
6,101,"2023-01-06","100.00","6"
7,103,"2023-01-07","400.00","7"
8,102,"2023-01-08","450.00","8"
