"saleid","productid","saledate","saleamount","salerank"
4,103,"2023-01-04","500.00","1"
8,102,"2023-01-08","450.00","2"
7,103,"2023-01-07","400.00","3"
5,102,"2023-01-05","300.00","4"
3,101,"2023-01-03","300.00","4"
1,101,"2023-01-01","200.00","6"
2,102,"2023-01-02","150.00","7"
6,101,"2023-01-06","100.00","8"
